{"trial_id": "0", "hyperparameters": {"space": [{"class_name": "Choice", "config": {"name": "units_1", "default": 32, "conditions": [], "values": [32, 64, 96], "ordered": true}}, {"class_name": "Choice", "config": {"name": "dropout_1", "default": 0.1, "conditions": [], "values": [0.1, 0.2, 0.3], "ordered": true}}, {"class_name": "Choice", "config": {"name": "units_2", "default": 32, "conditions": [], "values": [32, 64], "ordered": true}}, {"class_name": "Choice", "config": {"name": "dense_units", "default": 16, "conditions": [], "values": [16, 32, 48], "ordered": true}}], "values": {"units_1": 96, "dropout_1": 0.2, "units_2": 32, "dense_units": 48}}, "metrics": {"metrics": {"loss": {"direction": "min", "observations": [{"value": [0.0013025227235630155], "step": 27}]}, "val_loss": {"direction": "min", "observations": [{"value": [0.0011261800536885858], "step": 27}]}}}, "score": 0.0011261800536885858, "best_step": 27, "status": "COMPLETED", "message": null}