{"trial_id": "2", "hyperparameters": {"space": [{"class_name": "Choice", "config": {"name": "units_1", "default": 32, "conditions": [], "values": [32, 64, 96], "ordered": true}}, {"class_name": "Choice", "config": {"name": "dropout_1", "default": 0.1, "conditions": [], "values": [0.1, 0.2, 0.3], "ordered": true}}, {"class_name": "Choice", "config": {"name": "units_2", "default": 32, "conditions": [], "values": [32, 64], "ordered": true}}, {"class_name": "Choice", "config": {"name": "dense_units", "default": 16, "conditions": [], "values": [16, 32, 48], "ordered": true}}], "values": {"units_1": 96, "dropout_1": 0.3, "units_2": 32, "dense_units": 16}}, "metrics": {"metrics": {"loss": {"direction": "min", "observations": [{"value": [0.0013888489920645952], "step": 28}]}, "val_loss": {"direction": "min", "observations": [{"value": [0.001138337654992938], "step": 28}]}}}, "score": 0.001138337654992938, "best_step": 28, "status": "COMPLETED", "message": null}