{"trial_id": "1", "hyperparameters": {"space": [{"class_name": "Choice", "config": {"name": "units_1", "default": 32, "conditions": [], "values": [32, 64, 96], "ordered": true}}, {"class_name": "Choice", "config": {"name": "dropout_1", "default": 0.1, "conditions": [], "values": [0.1, 0.2, 0.3], "ordered": true}}, {"class_name": "Choice", "config": {"name": "units_2", "default": 32, "conditions": [], "values": [32, 64], "ordered": true}}, {"class_name": "Choice", "config": {"name": "dense_units", "default": 16, "conditions": [], "values": [16, 32, 48], "ordered": true}}], "values": {"units_1": 96, "dropout_1": 0.1, "units_2": 32, "dense_units": 32}}, "metrics": {"metrics": {"loss": {"direction": "min", "observations": [{"value": [0.001257415278814733], "step": 20}]}, "val_loss": {"direction": "min", "observations": [{"value": [0.0011530383490025997], "step": 20}]}}}, "score": 0.0011530383490025997, "best_step": 20, "status": "COMPLETED", "message": null}