{"trial_id": "4", "hyperparameters": {"space": [{"class_name": "Choice", "config": {"name": "units_1", "default": 32, "conditions": [], "values": [32, 64, 96], "ordered": true}}, {"class_name": "Choice", "config": {"name": "dropout_1", "default": 0.1, "conditions": [], "values": [0.1, 0.2, 0.3], "ordered": true}}, {"class_name": "Choice", "config": {"name": "units_2", "default": 32, "conditions": [], "values": [32, 64], "ordered": true}}, {"class_name": "Choice", "config": {"name": "dense_units", "default": 16, "conditions": [], "values": [16, 32, 48], "ordered": true}}], "values": {"units_1": 64, "dropout_1": 0.1, "units_2": 64, "dense_units": 16}}, "metrics": {"metrics": {"loss": {"direction": "min", "observations": [{"value": [0.0012734397314488888], "step": 21}]}, "val_loss": {"direction": "min", "observations": [{"value": [0.0011297814780846238], "step": 21}]}}}, "score": 0.0011297814780846238, "best_step": 21, "status": "COMPLETED", "message": null}