{"ongoing_trials": {}, "hyperparameters": {"space": [{"class_name": "Choice", "config": {"name": "units_1", "default": 32, "conditions": [], "values": [32, 64, 96], "ordered": true}}, {"class_name": "Choice", "config": {"name": "dropout_1", "default": 0.1, "conditions": [], "values": [0.1, 0.2, 0.3], "ordered": true}}, {"class_name": "Choice", "config": {"name": "units_2", "default": 32, "conditions": [], "values": [32, 64], "ordered": true}}, {"class_name": "Choice", "config": {"name": "dense_units", "default": 16, "conditions": [], "values": [16, 32, 48], "ordered": true}}], "values": {"units_1": 32, "dropout_1": 0.1, "units_2": 32, "dense_units": 16}}, "start_order": ["0", "1", "2", "3", "4"], "end_order": ["0", "1", "2", "3", "4"], "run_times": {"0": 1, "1": 1, "2": 1, "3": 1, "4": 1}, "retry_queue": [], "seed": 5662, "seed_state": 5686, "tried_so_far": ["bcef06389ecf12632d1e1dc964d2b774", "344b26acaa99d146e147e1ddb2fc4e6b", "3c62e001d12040659b7c33051b2a9bb8", "ca7d133949d8443ff54921ccf859976b", "cbf5f061c8d8449faa7e91680cd4ba06"], "id_to_hash": {"0": "cbf5f061c8d8449faa7e91680cd4ba06", "1": "3c62e001d12040659b7c33051b2a9bb8", "2": "bcef06389ecf12632d1e1dc964d2b774", "3": "ca7d133949d8443ff54921ccf859976b", "4": "344b26acaa99d146e147e1ddb2fc4e6b"}, "display": {"search_start": "2025-02-24T20:36:02.469887", "trial_start": {"0": "2025-02-24T20:36:02.469887", "1": "2025-02-24T20:36:14.618938", "2": "2025-02-24T20:36:24.841670", "3": "2025-02-24T20:36:36.445298", "4": "2025-02-24T20:36:48.318607"}, "trial_number": {"0": 1, "1": 2, "2": 3, "3": 4, "4": 5}}, "num_initial_points": null, "alpha": 0.0001, "beta": 2.6}